,BTC,ETH,ADA,DOT,SOL
BTC,1.0,0.7701699141581355,0.6716084039910619,0.6491825609684461,0.7540780993288012
ETH,0.7701699141581355,1.0,0.6755606676499785,0.7440506077129518,0.7471030878527373
ADA,0.6716084039910619,0.6755606676499785,1.0,0.6940881868748306,0.6891129601292638
DOT,0.6491825609684461,0.7440506077129518,0.6940881868748306,1.0,0.6324735198715067
SOL,0.7540780993288012,0.7471030878527373,0.6891129601292638,0.6324735198715067,1.0
